39e35f41-b6a6-466d-a3b1-a31a8ad60f2b,b2d4de79-9f1c-443f-9499-cfd0ed97d423,d70c04bd-c9cd-4a7a-8bea-5863b9ead3e9
db44f061-2582-4b20-9919-19b60cdfb9c0,9c636913-3df8-43bb-915b-4f17834ac12d,e7ea4d21-4878-420d-b5a6-d1233db29287
f01c0bc5-546f-4876-a7b2-9a552b38efe5,a7f02b93-83ec-4234-842f-c9dbbc189c09,13e5095c-d9bb-4698-b698-649c3c9ee23d
2ef64cc9-911a-4ec3-b8ed-e34d5a4932d4,cbb69f41-1eb1-43bf-ba0e-e3b05e27fbb2,13e5095c-d9bb-4698-b698-649c3c9ee23d
b821556b-62cd-4a4a-b13e-95ab1cd1bd01,b2d4de79-9f1c-443f-9499-cfd0ed97d423,58b5e48b-be33-4aa5-a0b5-a2c2d34060b4
6da71f1e-07c6-456a-baaf-60c1738bd57d,84d28c4c-4e7d-4c71-9440-986dfaf4cd74,d70c04bd-c9cd-4a7a-8bea-5863b9ead3e9
6d59ddf9-930f-4926-a2e7-409bd40f9bf2,9c636913-3df8-43bb-915b-4f17834ac12d,d70c04bd-c9cd-4a7a-8bea-5863b9ead3e9
c8663621-01bc-41c4-9c0b-12c50c570789,a7f02b93-83ec-4234-842f-c9dbbc189c09,e7ea4d21-4878-420d-b5a6-d1233db29287
6b314a86-365d-47b4-99b9-fb2d2fe7936e,b85ccbad-0a30-4615-ba6d-9fdaa033898e,e7ea4d21-4878-420d-b5a6-d1233db29287
de063d2e-d575-4e13-9564-bebeda4270c7,7dd219a7-53e9-4e78-b5e3-e93a0698bd03,13e5095c-d9bb-4698-b698-649c3c9ee23d
