990c4695-dd38-43c9-89e9-b57705f36ad4,2023-03-09 14:25:17,0be03fee-8e49-4fd7-887f-2c30518cf61e,a00cb024-3e11-41fc-b5c2-4a08b8476acb
71be5c74-af3d-4333-81d4-490399e08ee9,2023-07-06 02:37:49,d6cabee9-6d00-4de1-92a3-4c23f7984995,32c4f4e0-03b2-48b8-b1e0-022b845ac02a
35992331-b153-4dd9-a7dc-59b790277a80,2023-03-30 02:52:06,be4b1309-9fb8-403b-a3c8-70b864c9f0ad,a00cb024-3e11-41fc-b5c2-4a08b8476acb
d722d86c-735a-4223-8d8c-2f07fadab7c4,2023-01-09 16:45:43,d6cabee9-6d00-4de1-92a3-4c23f7984995,a00cb024-3e11-41fc-b5c2-4a08b8476acb
bf173f21-7bf9-4b57-b2d2-aa7aee5ef65d,2023-04-25 21:49:09,0be03fee-8e49-4fd7-887f-2c30518cf61e,32c4f4e0-03b2-48b8-b1e0-022b845ac02a
f6e651bb-dd5f-4987-ae76-209314d1188f,2023-02-11 22:41:53,0be03fee-8e49-4fd7-887f-2c30518cf61e,32c4f4e0-03b2-48b8-b1e0-022b845ac02a
722ce9e5-25f1-47d2-b207-f83905b3f7d4,2023-05-24 00:33:53,0be03fee-8e49-4fd7-887f-2c30518cf61e,a00cb024-3e11-41fc-b5c2-4a08b8476acb
428252da-a5f2-4589-af68-e12ff3a4a03b,2023-07-12 20:42:43,d6cabee9-6d00-4de1-92a3-4c23f7984995,8b335964-dca8-45df-8e41-445f69fd99ac
4732cf09-bcaa-4f09-9b13-561a8500e436,2023-03-22 09:59:11,83b6e912-da2f-447d-abf7-44362fd75c2d,8b335964-dca8-45df-8e41-445f69fd99ac
1ff2b27e-e031-4c2f-aded-7ed2b7d27093,2023-03-21 02:44:42,83b6e912-da2f-447d-abf7-44362fd75c2d,8b335964-dca8-45df-8e41-445f69fd99ac
